slug	name	category	url
2f-7-jetstream-insulated-ws-muff	2F.7 Jetstream Insulated WS Muff	accessory	https://www.sitkagear.com/products/2f-7-jetstream-insulated-ws-muff
alpha-fleece-1-4-zip-pullover	Alpha Fleece 1/4 Zip Pullover	midlayer	https://www.sitkagear.com/products/alpha-fleece-1-4-zip-pullover
alpha-fleece-hooded-jacket	Alpha Fleece Hooded Jacket	jacket	https://www.sitkagear.com/products/alpha-fleece-hooded-jacket
alpha-fleece-hoodie	Alpha Fleece Hoodie	hoody	https://www.sitkagear.com/products/alpha-fleece-hoodie
alpha-fleece-pant	Alpha Fleece Pant	pant	https://www.sitkagear.com/products/alpha-fleece-pant
alpha-fleece-vest	Alpha Fleece Vest	vest	https://www.sitkagear.com/products/alpha-fleece-vest
ambary-ls-shirt	Ambary LS Shirt	shirt	https://www.sitkagear.com/products/ambary-ls-shirt
ambary-ss-shirt	Ambary SS Shirt	shirt	https://www.sitkagear.com/products/ambary-ss-shirt
ambient-100-hooded-jacket	Ambient 100 Hooded Jacket	jacket	https://www.sitkagear.com/products/ambient-100-hooded-jacket
ambient-100-shirt-jacket	Ambient 100 Shirt Jacket	jacket	https://www.sitkagear.com/products/ambient-100-shirt-jacket
ambient-100-vest	Ambient 100 Vest	vest	https://www.sitkagear.com/products/ambient-100-vest
ambient-200-jacket	Ambient 200 Jacket	jacket	https://www.sitkagear.com/products/ambient-200-jacket
ambient-75-hoodie	Ambient 75 Hoodie	midlayer	https://www.sitkagear.com/products/ambient-75-hoodie
amphib-short-7-5-inch	Amphib Short 7.5"	pant	https://www.sitkagear.com/products/amphib-short-7-5-inch
apex-pack	Apex Pack	pack	https://www.sitkagear.com/products/apex-pack
ascent-pant	Ascent Pant	pant	https://www.sitkagear.com/products/ascent-pant
ashland-lightweight-flannel-shirt	Ashland Lightweight Flannel Shirt	shirt	https://www.sitkagear.com/products/ashland-lightweight-flannel-shirt
back40-boot	Back40 Boot	boot	https://www.sitkagear.com/products/back40-boot
ballistic-cap	Ballistic Cap	hat	https://www.sitkagear.com/products/ballistic-cap
blizzard-gtx-glove	Blizzard GTX Glove	glove	https://www.sitkagear.com/products/blizzard-gtx-glove
blizzard-gtx-hat	Blizzard GTX Hat	hat	https://www.sitkagear.com/products/blizzard-gtx-hat
blizzard-pro-bib	Blizzard Pro Bib	bib	https://www.sitkagear.com/products/blizzard-pro-bib
blizzard-pro-gtx-glove	Blizzard Pro GTX Glove	glove	https://www.sitkagear.com/products/blizzard-pro-gtx-glove
blizzard-pro-parka	Blizzard Pro Parka	jacket	https://www.sitkagear.com/products/blizzard-pro-parka
bluff-berber-jacket	Bluff Berber Jacket	jacket	https://www.sitkagear.com/products/bluff-berber-jacket
boundary-short-7	Boundary Short 7"	pant	https://www.sitkagear.com/products/boundary-short-7
bow-sling	Bow Sling	accessory	https://www.sitkagear.com/products/bow-sling
bridger-camo-ls-flannel	Bridger Camo LS Flannel	shirt	https://www.sitkagear.com/products/bridger-camo-ls-flannel
callers-glove-left	Callers Glove (Left)	glove	https://www.sitkagear.com/products/callers-glove-left
cargo-box	Cargo Box	pack	https://www.sitkagear.com/products/cargo-box
cat-5-bib	Cat 5 Bib	bib	https://www.sitkagear.com/products/cat-5-bib
cat-5-jacket	Cat 5 Jacket	jacket	https://www.sitkagear.com/products/cat-5-jacket
cat-5-pro-gtx-bib	Cat 5 Pro GTX Bib	bib	https://www.sitkagear.com/products/cat-5-pro-gtx-bib
cat-5-pro-gtx-jacket	Cat 5 Pro GTX Jacket	jacket	https://www.sitkagear.com/products/cat-5-pro-gtx-jacket
core-heavyweight-balaclava	Core Heavyweight Balaclava	balaclava	https://www.sitkagear.com/products/core-heavyweight-balaclava
core-lightweight-bottom	Core Lightweight Bottom	baselayer-bottom	https://www.sitkagear.com/products/core-lightweight-bottom
core-lightweight-boxer	Core Lightweight Boxer	baselayer-bottom	https://www.sitkagear.com/products/core-lightweight-boxer
core-lightweight-crew-ls	Core Lightweight Crew LS	baselayer-top	https://www.sitkagear.com/products/core-lightweight-crew-ls
core-lightweight-crew-ss	Core Lightweight Crew SS	baselayer-top	https://www.sitkagear.com/products/core-lightweight-crew-ss
core-lightweight-hoodie	Core Lightweight Hoodie	baselayer-top	https://www.sitkagear.com/products/core-lightweight-hoodie
core-merino-120-bottom	Core Merino 120 Bottom	baselayer-bottom	https://www.sitkagear.com/products/core-merino-120-bottom
core-merino-120-hoodie	Core Merino 120 Hoodie	baselayer-top	https://www.sitkagear.com/products/core-merino-120-hoodie
core-merino-120-ls-crew	Core Merino 120 LS Crew	baselayer-top	https://www.sitkagear.com/products/core-merino-120-ls-crew
core-merino-220-bottom	Core Merino 220 Bottom	baselayer-bottom	https://www.sitkagear.com/products/core-merino-220-bottom
core-merino-220-boxer	Core Merino 220 Boxer	baselayer-bottom	https://www.sitkagear.com/products/core-merino-220-boxer
core-merino-220-half-zip	Core Merino 220 Half-Zip	baselayer-top	https://www.sitkagear.com/products/core-merino-220-half-zip
core-merino-330-bottom	Core Merino 330 Bottom	baselayer-bottom	https://www.sitkagear.com/products/core-merino-330-bottom
core-merino-330-half-zip	Core Merino 330 Half-Zip	baselayer-top	https://www.sitkagear.com/products/core-merino-330-half-zip
core-merino-330-hoodie	Core Merino 330 Hoodie	baselayer-top	https://www.sitkagear.com/products/core-merino-330-hoodie
core-merino-330-zip-off-bottom	Core Merino 330 Zip-Off Bottom	baselayer-bottom	https://www.sitkagear.com/products/core-merino-330-zip-off-bottom
core-midweight-bottom	Core Midweight Bottom	baselayer-bottom	https://www.sitkagear.com/products/core-midweight-bottom
core-neck-gaiter	Core Neck Gaiter	gaiter	https://www.sitkagear.com/products/core-neck-gaiter
crosscurrent-gtx-wader	Crosscurrent GTX Wader	wader	https://www.sitkagear.com/products/crosscurrent-gtx-wader
crosscurrent-wading-boot-felt	Crosscurrent Wading Boot (Felt)	boot	https://www.sitkagear.com/products/crosscurrent-wading-boot-felt
crosscurrent-wading-boot-replacement-cleats-10-pack	Crosscurrent Wading Boot Replacement Cleats (10-Pack)	accessory	https://www.sitkagear.com/products/crosscurrent-wading-boot-replacement-cleats-10-pack
crosscurrent-wading-boot-rubber	Crosscurrent Wading Boot (Rubber)	boot	https://www.sitkagear.com/products/crosscurrent-wading-boot-rubber
crosscurrent-zip-gtx-wader	Crosscurrent Zip GTX Wader	wader	https://www.sitkagear.com/products/crosscurrent-zip-gtx-wader
cuffed-knit-beanie	Cuffed Knit Beanie	hat	https://www.sitkagear.com/products/cuffed-knit-beanie
dakota-pant	Dakota Pant	pant	https://www.sitkagear.com/products/dakota-pant
dakota-vest	Dakota Vest	vest	https://www.sitkagear.com/products/dakota-vest
delta-gtx-wader	Delta GTX Wader	wader	https://www.sitkagear.com/products/delta-gtx-wader
delta-lt-bib	Delta LT Bib	bib	https://www.sitkagear.com/products/delta-lt-bib
delta-lt-jacket	Delta LT Jacket	jacket	https://www.sitkagear.com/products/delta-lt-jacket
delta-pro-wading-jacket	Delta Pro Wading Jacket	jacket	https://www.sitkagear.com/products/delta-pro-wading-jacket
delta-pro-zip-gtx-wader	Delta Pro Zip GTX Wader	wader	https://www.sitkagear.com/products/delta-pro-zip-gtx-wader
delta-ventlite-zip-gtx-wader	Delta Ventlite Zip GTX Wader	wader	https://www.sitkagear.com/products/delta-ventlite-zip-gtx-wader
dew-point-jacket	Dew Point Jacket	jacket	https://www.sitkagear.com/products/dew-point-jacket
dew-point-jacket-2025-discontinued	Dew Point Jacket (2025 Discontinued)	jacket	https://www.sitkagear.com/products/dew-point-jacket-2025-discontinued
dew-point-pant	Dew Point Pant	pant	https://www.sitkagear.com/products/dew-point-pant
dew-point-pant-2025-discontinued	Dew Point Pant (2025 Discontinued)	pant	https://www.sitkagear.com/products/dew-point-pant-2025-discontinued
dew-point-pro-bib-pant	Dew Point Pro Bib Pant	bib	https://www.sitkagear.com/products/dew-point-pro-bib-pant
dew-point-pro-jacket	Dew Point Pro Jacket	jacket	https://www.sitkagear.com/products/dew-point-pro-jacket
dew-point-ul-jacket	Dew Point UL Jacket	jacket	https://www.sitkagear.com/products/dew-point-ul-jacket
double-cuff-acrylic-knit-beanie	Double Cuff Acrylic Knit Beanie	hat	https://www.sitkagear.com/products/double-cuff-acrylic-knit-beanie
downpour-jacket	Downpour Jacket	jacket	https://www.sitkagear.com/products/downpour-jacket
downpour-pant	Downpour Pant	pant	https://www.sitkagear.com/products/downpour-pant
drifter-carry-on-35l	Drifter Carry-On 35L	pack	https://www.sitkagear.com/products/drifter-carry-on-35l
drifter-duffle-110l	Drifter Duffle 110L	pack	https://www.sitkagear.com/products/drifter-duffle-110l
drifter-duffle-50l	Drifter Duffle 50L	pack	https://www.sitkagear.com/products/drifter-duffle-50l
drifter-duffle-50l-foh-edition	Drifter Duffle 50L (FOH Edition)	pack	https://www.sitkagear.com/products/drifter-duffle-50l-foh-edition
drifter-duffle-75l	Drifter Duffle 75L	pack	https://www.sitkagear.com/products/drifter-duffle-75l
drifter-hip-pack-1l	Drifter Hip Pack 1L	pack	https://www.sitkagear.com/products/drifter-hip-pack-1l
drifter-roller-140l	Drifter Roller 140L	pack	https://www.sitkagear.com/products/drifter-roller-140l
drifter-tote-40l	Drifter Tote 40L	pack	https://www.sitkagear.com/products/drifter-tote-40l
drifter-travel-pack	Drifter Travel Pack	pack	https://www.sitkagear.com/products/drifter-travel-pack
dry-creek-fleece-jacket	Dry Creek Fleece Jacket	jacket	https://www.sitkagear.com/products/dry-creek-fleece-jacket
duck-oven-jacket	Duck Oven Jacket	jacket	https://www.sitkagear.com/products/duck-oven-jacket
duck-oven-jacket-discontinued	Duck Oven Jacket (Discontinued)	jacket	https://www.sitkagear.com/products/duck-oven-jacket-discontinued
duck-oven-lt-hoodie	Duck Oven LT Hoodie	hoody	https://www.sitkagear.com/products/duck-oven-lt-hoodie
durango-performance-hoodie	Durango Performance Hoodie	hoody	https://www.sitkagear.com/products/durango-performance-hoodie
endure-pant	Endure Pant	pant	https://www.sitkagear.com/products/endure-pant
equinox-guard-glove	Equinox Guard Glove	glove	https://www.sitkagear.com/products/equinox-guard-glove
equinox-guard-hoodie	Equinox Guard Hoodie	hoody	https://www.sitkagear.com/products/equinox-guard-hoodie
equinox-guard-pant	Equinox Guard Pant	pant	https://www.sitkagear.com/products/equinox-guard-pant
equinox-turkey-vest	Equinox Turkey Vest	vest	https://www.sitkagear.com/products/equinox-turkey-vest
essential-ss-polo	Essential SS Polo	shirt	https://www.sitkagear.com/products/essential-ss-polo
everyday-pant	Everyday Pant	pant	https://www.sitkagear.com/products/everyday-pant
everyday-ripstop-pant	Everyday Ripstop Pant	pant	https://www.sitkagear.com/products/everyday-ripstop-pant
fanatic-bib	Fanatic Bib	bib	https://www.sitkagear.com/products/fanatic-bib
fanatic-glove	Fanatic Glove	glove	https://www.sitkagear.com/products/fanatic-glove
fanatic-hoodie	Fanatic Hoodie	hoody	https://www.sitkagear.com/products/fanatic-hoodie
fanatic-jacket	Fanatic Jacket	jacket	https://www.sitkagear.com/products/fanatic-jacket
fanatic-jacket-lefty	Fanatic Jacket (Lefty)	jacket	https://www.sitkagear.com/products/fanatic-jacket-lefty
fanatic-pack	Fanatic Pack	pack	https://www.sitkagear.com/products/fanatic-pack
fanatic-vest	Fanatic Vest	vest	https://www.sitkagear.com/products/fanatic-vest
fanatic-ws-beanie	Fanatic WS Beanie	hat	https://www.sitkagear.com/products/fanatic-ws-beanie
finders-keepers-unstructured-snapback	Finders Keepers Unstructured Snapback	hat	https://www.sitkagear.com/products/finders-keepers-unstructured-snapback
flash-optics-harness	Flash Optics Harness	accessory	https://www.sitkagear.com/products/flash-optics-harness
foh-edition-mid-pro-trucker	FOH Edition Mid Pro Trucker	hat	https://www.sitkagear.com/products/foh-edition-mid-pro-trucker
foh-edition-pullover-hoodie	FOH Edition Pullover Hoodie	hoody	https://www.sitkagear.com/products/foh-edition-pullover-hoodie
foh-edition-tee	FOH Edition Tee	shirt	https://www.sitkagear.com/products/foh-edition-tee
foothills-long-sleeve-crew	Foothills Long Sleeve Crew	shirt	https://www.sitkagear.com/products/foothills-long-sleeve-crew
foothills-long-sleeve-henley	Foothills Long Sleeve Henley	shirt	https://www.sitkagear.com/products/foothills-long-sleeve-henley
frontier-shirt-jacket	Frontier Shirt Jacket	jacket	https://www.sitkagear.com/products/frontier-shirt-jacket
full-choke-pack	Full Choke Pack	pack	https://www.sitkagear.com/products/full-choke-pack
gifted-retriever-tee	Gifted Retriever Tee	shirt	https://www.sitkagear.com/products/gifted-retriever-tee
gradient-cold-weather-bib	Gradient Cold Weather Bib	bib	https://www.sitkagear.com/products/gradient-cold-weather-bib
gradient-pant	Gradient Pant	pant	https://www.sitkagear.com/products/gradient-pant
grange-flannel	Grange Flannel	shirt	https://www.sitkagear.com/products/grange-flannel
grinder-pant	Grinder Pant	pant	https://www.sitkagear.com/products/grinder-pant
grindstone-work-jacket	Grindstone Work Jacket	jacket	https://www.sitkagear.com/products/grindstone-work-jacket
grindstone-work-jacket-2024	Grindstone Work Jacket (2024)	jacket	https://www.sitkagear.com/products/grindstone-work-jacket-2024
grindstone-work-pant	Grindstone Work Pant	pant	https://www.sitkagear.com/products/grindstone-work-pant
grindstone-work-vest	Grindstone Work Vest	vest	https://www.sitkagear.com/products/grindstone-work-vest
guard-lt-pant	Guard LT Pant	pant	https://www.sitkagear.com/products/guard-lt-pant
guard-pro-pant	Guard Pro Pant	pant	https://www.sitkagear.com/products/guard-pro-pant
guard-sun-hoodie	Guard Sun Hoodie	hoody	https://www.sitkagear.com/products/guard-sun-hoodie
guard-sun-ls-shirt	Guard Sun LS Shirt	shirt	https://www.sitkagear.com/products/guard-sun-ls-shirt
gunner-glove	Gunner Glove	glove	https://www.sitkagear.com/products/gunner-glove
hardwood-heavyweight-flannel-shirt	Hardwood Heavyweight Flannel Shirt	shirt	https://www.sitkagear.com/products/hardwood-heavyweight-flannel-shirt
harvester-lite-chore-coat	Harvester Lite Chore Coat	jacket	https://www.sitkagear.com/products/harvester-lite-chore-coat
heavy-weight-crew-sock	Heavy Weight Crew Sock	accessory	https://www.sitkagear.com/products/heavy-weight-crew-sock
heavy-weight-otc-sock	Heavy Weight OTC Sock	accessory	https://www.sitkagear.com/products/heavy-weight-otc-sock
heavyweight-bottom	Heavyweight Bottom	baselayer-bottom	https://www.sitkagear.com/products/heavyweight-bottom
heavyweight-hoodie	Heavyweight Hoodie	midlayer	https://www.sitkagear.com/products/heavyweight-hoodie
heavyweight-zip-t	Heavyweight Zip-T	midlayer	https://www.sitkagear.com/products/heavyweight-zip-t
heritage-patch-vintage-trucker	Heritage Patch Vintage Trucker	hat	https://www.sitkagear.com/products/heritage-patch-vintage-trucker
hidden-optifade-mesh-mid-pro-trucker	Hidden Optifade Mesh Mid Pro Trucker	hat	https://www.sitkagear.com/products/hidden-optifade-mesh-mid-pro-trucker
hidden-optifade-pullover-hoodie	Hidden Optifade Pullover Hoodie	hoody	https://www.sitkagear.com/products/hidden-optifade-pullover-hoodie
hidden-optifade-tee	Hidden Optifade Tee	shirt	https://www.sitkagear.com/products/hidden-optifade-tee
high-water-pocket-tee	High Water Pocket Tee	shirt	https://www.sitkagear.com/products/high-water-pocket-tee
hooked-mid-pro-trucker	Hooked Mid Pro Trucker	hat	https://www.sitkagear.com/products/hooked-mid-pro-trucker
hooked-pullover-hoodie	Hooked Pullover Hoodie	hoody	https://www.sitkagear.com/products/hooked-pullover-hoodie
hooked-tee	Hooked Tee	shirt	https://www.sitkagear.com/products/hooked-tee
hudson-bib	Hudson Bib	bib	https://www.sitkagear.com/products/hudson-bib
hudson-jacket	Hudson Jacket	jacket	https://www.sitkagear.com/products/hudson-jacket
hyperdown-15-sleeping-bag	Hyperdown 15 Sleeping Bag	accessory	https://www.sitkagear.com/products/hyperdown-15-sleeping-bag
hyperdown-jacket	Hyperdown Jacket	jacket	https://www.sitkagear.com/products/hyperdown-jacket
hyperdown-pant	Hyperdown Pant	pant	https://www.sitkagear.com/products/hyperdown-pant
icon-aquafade-pullover-hoodie	Icon Aquafade Pullover Hoodie	hoody	https://www.sitkagear.com/products/icon-aquafade-pullover-hoodie
icon-aquafade-tech-tee	Icon Aquafade Tech Tee	shirt	https://www.sitkagear.com/products/icon-aquafade-tech-tee
icon-aquafade-tee	Icon Aquafade Tee	shirt	https://www.sitkagear.com/products/icon-aquafade-tee
icon-classic-full-zip-hoodie	Icon Classic Full-Zip Hoodie	hoody	https://www.sitkagear.com/products/icon-classic-full-zip-hoodie
icon-classic-pullover-hoodie	Icon Classic Pullover Hoodie	hoody	https://www.sitkagear.com/products/icon-classic-pullover-hoodie
icon-eco-mid-pro-trucker	Icon Eco Mid Pro Trucker	hat	https://www.sitkagear.com/products/icon-eco-mid-pro-trucker
icon-lo-pro-trucker	Icon Lo Pro Trucker	hat	https://www.sitkagear.com/products/icon-lo-pro-trucker
icon-long-sleeve-crewneck-tee	Icon Long Sleeve Crewneck Tee	shirt	https://www.sitkagear.com/products/icon-long-sleeve-crewneck-tee
icon-mesh-mid-pro-trucker	Icon Mesh Mid Pro Trucker	hat	https://www.sitkagear.com/products/icon-mesh-mid-pro-trucker
icon-mid-pro-trucker	Icon Mid Pro Trucker	hat	https://www.sitkagear.com/products/icon-mid-pro-trucker
icon-optifade-long-sleeve-tee	Icon Optifade Long Sleeve Tee	shirt	https://www.sitkagear.com/products/icon-optifade-long-sleeve-tee
icon-optifade-mesh-mid-pro-trucker	Icon Optifade Mesh Mid Pro Trucker	hat	https://www.sitkagear.com/products/icon-optifade-mesh-mid-pro-trucker
icon-optifade-plus-mid-pro-trucker	Icon Optifade Plus Mid Pro Trucker	hat	https://www.sitkagear.com/products/icon-optifade-plus-mid-pro-trucker
icon-optifade-pullover-hoodie	Icon Optifade Pullover Hoodie	hoody	https://www.sitkagear.com/products/icon-optifade-pullover-hoodie
icon-optifade-tee	Icon Optifade Tee	shirt	https://www.sitkagear.com/products/icon-optifade-tee
icon-patch-hi-pro-trucker	Icon Patch Hi Pro Trucker	hat	https://www.sitkagear.com/products/icon-patch-hi-pro-trucker
icon-plus-mid-pro-trucker	Icon Plus Mid Pro Trucker	hat	https://www.sitkagear.com/products/icon-plus-mid-pro-trucker
icon-pullover-hoodie	Icon Pullover Hoodie	hoody	https://www.sitkagear.com/products/icon-pullover-hoodie
icon-scales-tech-tee	Icon Scales Tech Tee	shirt	https://www.sitkagear.com/products/icon-scales-tech-tee
icon-tee	Icon Tee	shirt	https://www.sitkagear.com/products/icon-tee
incinerator-aerolite-bib	Incinerator Aerolite Bib	bib	https://www.sitkagear.com/products/incinerator-aerolite-bib
incinerator-aerolite-jacket	Incinerator Aerolite Jacket	jacket	https://www.sitkagear.com/products/incinerator-aerolite-jacket
incinerator-flip-mitt	Incinerator Flip Mitt	glove	https://www.sitkagear.com/products/incinerator-flip-mitt
insignia-unstructured-snapback	Insignia Unstructured Snapback	hat	https://www.sitkagear.com/products/insignia-unstructured-snapback
intercept-pant	Intercept Pant	pant	https://www.sitkagear.com/products/intercept-pant
jetstream-insulated-ws-beanie	Jetstream Insulated WS Beanie	hat	https://www.sitkagear.com/products/jetstream-insulated-ws-beanie
jetstream-insulated-ws-muff	Jetstream Insulated WS Muff	accessory	https://www.sitkagear.com/products/jetstream-insulated-ws-muff
jetstream-jacket	Jetstream Jacket	jacket	https://www.sitkagear.com/products/jetstream-jacket
jetstream-jacket-2024	Jetstream Jacket (2024)	jacket	https://www.sitkagear.com/products/jetstream-jacket-2024
jetstream-jacket-foh-edition	Jetstream Jacket (FOH Edition)	jacket	https://www.sitkagear.com/products/jetstream-jacket-foh-edition
jetstream-lt-jacket	Jetstream LT Jacket	jacket	https://www.sitkagear.com/products/jetstream-lt-jacket
jetstream-vest	Jetstream Vest	vest	https://www.sitkagear.com/products/jetstream-vest
jetstream-vest-2021	Jetstream Vest (2021)	vest	https://www.sitkagear.com/products/jetstream-vest-2021
jetstream-ws-beanie	Jetstream WS Beanie	hat	https://www.sitkagear.com/products/jetstream-ws-beanie
jetstream-ws-glove	Jetstream WS Glove	glove	https://www.sitkagear.com/products/jetstream-ws-glove
kelvin-aerolite-30-sleeping-bag	Kelvin Aerolite 30 Sleeping Bag	accessory	https://www.sitkagear.com/products/kelvin-aerolite-30-sleeping-bag
kelvin-aerolite-jacket	Kelvin Aerolite Jacket	jacket	https://www.sitkagear.com/products/kelvin-aerolite-jacket
kelvin-aerolite-vest	Kelvin Aerolite Vest	vest	https://www.sitkagear.com/products/kelvin-aerolite-vest
king-of-spring-hi-pro-trucker	King of Spring Hi Pro Trucker	hat	https://www.sitkagear.com/products/king-of-spring-hi-pro-trucker
king-of-spring-tee	King of Spring Tee	shirt	https://www.sitkagear.com/products/king-of-spring-tee
mens-2f-7-dakota-vest	Mens 2F.7 Dakota Vest	vest	https://www.sitkagear.com/products/mens-2f-7-dakota-vest
merino-330-beanie	Merino 330 Beanie	hat	https://www.sitkagear.com/products/merino-330-beanie
merino-330-glove	Merino 330 Glove	glove	https://www.sitkagear.com/products/merino-330-glove
mesa-air-pant	Mesa Air Pant	pant	https://www.sitkagear.com/products/mesa-air-pant
mesa-air-short-8-5	Mesa Air Short 8.5"	pant	https://www.sitkagear.com/products/mesa-air-short-8-5
mesa-pant	Mesa Pant	pant	https://www.sitkagear.com/products/mesa-pant
mesa-short-8-5-inch	Mesa Short 8.5"	pant	https://www.sitkagear.com/products/mesa-short-8-5-inch
microdown-hooded-jacket	Microdown Hooded Jacket	jacket	https://www.sitkagear.com/products/microdown-hooded-jacket
microdown-vest	Microdown Vest	vest	https://www.sitkagear.com/products/microdown-vest
mid-weight-crew-sock	Mid Weight Crew Sock	accessory	https://www.sitkagear.com/products/mid-weight-crew-sock
mid-weight-otc-sock	Mid Weight OTC Sock	accessory	https://www.sitkagear.com/products/mid-weight-otc-sock
mojave-ls-shirt	Mojave LS Shirt	shirt	https://www.sitkagear.com/products/mojave-ls-shirt
mojave-ss-shirt	Mojave SS Shirt	shirt	https://www.sitkagear.com/products/mojave-ss-shirt
mountain-hauler-2700	Mountain Hauler 2700	pack	https://www.sitkagear.com/products/mountain-hauler-2700
mountain-hauler-4000-pack	Mountain Hauler 4000 Pack	pack	https://www.sitkagear.com/products/mountain-hauler-4000-pack
mountain-hauler-6200	Mountain Hauler 6200	pack	https://www.sitkagear.com/products/mountain-hauler-6200
mountain-optics-harness	Mountain Optics Harness	accessory	https://www.sitkagear.com/products/mountain-optics-harness
neck-gaiter	Neck Gaiter	gaiter	https://www.sitkagear.com/products/neck-gaiter
no-offseason-lo-pro-strapback	No Offseason Lo Pro Strapback	hat	https://www.sitkagear.com/products/no-offseason-lo-pro-strapback
optifade-5-panel-camper	Optifade 5-Panel Camper	hat	https://www.sitkagear.com/products/optifade-5-panel-camper
optifade-90s-script-hi-pro-trucker	Optifade 90s Script Hi Pro Trucker	hat	https://www.sitkagear.com/products/optifade-90s-script-hi-pro-trucker
optifade-crew-sock	Optifade Crew Sock	accessory	https://www.sitkagear.com/products/optifade-crew-sock
peak-design-x-sitka-studio-slide-lite-camera-strap	Peak Design x SITKA Studio Slide Lite Camera Strap	accessory	https://www.sitkagear.com/products/peak-design-x-sitka-studio-slide-lite-camera-strap
radiant-graphic-ls-crew	Radiant Graphic LS Crew	shirt	https://www.sitkagear.com/products/radiant-graphic-ls-crew
radiant-graphic-sun-hoodie	Radiant Graphic Sun Hoodie	hoody	https://www.sitkagear.com/products/radiant-graphic-sun-hoodie
radiant-hoodie	Radiant Hoodie	hoody	https://www.sitkagear.com/products/radiant-hoodie
radiant-ls-crew	Radiant LS Crew	shirt	https://www.sitkagear.com/products/radiant-ls-crew
radiant-sun-hoodie	Radiant Sun Hoodie	hoody	https://www.sitkagear.com/products/radiant-sun-hoodie
ranger	Ranger	boot	https://www.sitkagear.com/products/ranger
reel-tee	Reel Tee	shirt	https://www.sitkagear.com/products/reel-tee
ridgeland-vest	Ridgeland Vest	vest	https://www.sitkagear.com/products/ridgeland-vest
ridgeland-ws-hooded-jacket	Ridgeland WS Hooded Jacket	jacket	https://www.sitkagear.com/products/ridgeland-ws-hooded-jacket
ridgeland-ws-hooded-jacket-2024	Ridgeland WS Hooded Jacket (2024)	jacket	https://www.sitkagear.com/products/ridgeland-ws-hooded-jacket-2024
ripstop-vp-icon-mid-pro-trucker	Ripstop VP Icon Mid Pro Trucker	hat	https://www.sitkagear.com/products/ripstop-vp-icon-mid-pro-trucker
riptide-pant	Riptide Pant	pant	https://www.sitkagear.com/products/riptide-pant
riptide-short-10	Riptide Short 10"	pant	https://www.sitkagear.com/products/riptide-short-10
riptide-short-8	Riptide Short 8"	pant	https://www.sitkagear.com/products/riptide-short-8
riser-active-short-8-inch	Riser Active Short 8"	pant	https://www.sitkagear.com/products/riser-active-short-8-inch
rossby-ls	Rossby LS	shirt	https://www.sitkagear.com/products/rossby-ls
rossby-ss	Rossby SS	shirt	https://www.sitkagear.com/products/rossby-ss
rover-down-jacket	Rover Down Jacket	jacket	https://www.sitkagear.com/products/rover-down-jacket
rover-gtx	Rover GTX	boot	https://www.sitkagear.com/products/rover-gtx
rover-gtx-lth	Rover GTX LTH	boot	https://www.sitkagear.com/products/rover-gtx-lth
rubber-patch-hi-pro-trucker	Rubber Patch Hi Pro Trucker	hat	https://www.sitkagear.com/products/rubber-patch-hi-pro-trucker
seize-icon-mid-pro-trucker	Seize Icon Mid Pro Trucker	hat	https://www.sitkagear.com/products/seize-icon-mid-pro-trucker
seize-tee	Seize Tee	shirt	https://www.sitkagear.com/products/seize-tee
sitka-dog-collar	Sitka Dog Collar	accessory	https://www.sitkagear.com/products/sitka-dog-collar
sitka-dog-leash	Sitka Dog Leash	accessory	https://www.sitkagear.com/products/sitka-dog-leash
sitka-knee-pad	Sitka Knee Pad	accessory	https://www.sitkagear.com/products/sitka-knee-pad
sitka-sandal	Sitka Sandal	boot	https://www.sitkagear.com/products/sitka-sandal
sitka-trucker	Sitka Trucker	hat	https://www.sitkagear.com/products/sitka-trucker
sling-choke	Sling Choke	pack	https://www.sitkagear.com/products/sling-choke
snowcrest-full-zip-hooded-fleece	Snowcrest Full-Zip Hooded Fleece	hoody	https://www.sitkagear.com/products/snowcrest-full-zip-hooded-fleece
snowcrest-half-zip-fleece-pullover	Snowcrest Half-Zip Fleece Pullover	midlayer	https://www.sitkagear.com/products/snowcrest-half-zip-fleece-pullover
snowcrest-ls-shirt	Snowcrest LS Shirt	shirt	https://www.sitkagear.com/products/snowcrest-ls-shirt
species-pocket-tee	Species Pocket Tee	shirt	https://www.sitkagear.com/products/species-pocket-tee
species-pullover-hoodie	Species Pullover Hoodie	hoody	https://www.sitkagear.com/products/species-pullover-hoodie
species-unstructured-snapback	Species Unstructured Snapback	hat	https://www.sitkagear.com/products/species-unstructured-snapback
stormfront-gaiter	Stormfront Gaiter	gaiter	https://www.sitkagear.com/products/stormfront-gaiter
stormfront-jacket	Stormfront Jacket	jacket	https://www.sitkagear.com/products/stormfront-jacket
stormfront-pant	Stormfront Pant	pant	https://www.sitkagear.com/products/stormfront-pant
stratus-bib-2-0	Stratus Bib 2.0	bib	https://www.sitkagear.com/products/stratus-bib-2-0
stratus-jacket-2-0	Stratus Jacket 2.0	jacket	https://www.sitkagear.com/products/stratus-jacket-2-0
stratus-pant	Stratus Pant	pant	https://www.sitkagear.com/products/stratus-pant
stratus-pant-2-0	Stratus Pant 2.0	pant	https://www.sitkagear.com/products/stratus-pant-2-0
stratus-vest-2-0	Stratus Vest 2.0	vest	https://www.sitkagear.com/products/stratus-vest-2-0
stratus-ws-beanie	Stratus WS Beanie	hat	https://www.sitkagear.com/products/stratus-ws-beanie
target-hi-pro-trucker	Target Hi Pro Trucker	hat	https://www.sitkagear.com/products/target-hi-pro-trucker
target-pullover-hoodie	Target Pullover Hoodie	hoody	https://www.sitkagear.com/products/target-pullover-hoodie
target-tee	Target Tee	shirt	https://www.sitkagear.com/products/target-tee
tarmac-short-10	Tarmac Short 10"	pant	https://www.sitkagear.com/products/tarmac-short-10
tarmac-short-8	Tarmac Short 8"	pant	https://www.sitkagear.com/products/tarmac-short-8
tech-polo	Tech Polo	shirt	https://www.sitkagear.com/products/tech-polo
tech-tee	Tech Tee	shirt	https://www.sitkagear.com/products/tech-tee
three-season-pant	Three Season Pant	pant	https://www.sitkagear.com/products/three-season-pant
timber-pack	Timber Pack	pack	https://www.sitkagear.com/products/timber-pack
timberline-pant	Timberline Pant	pant	https://www.sitkagear.com/products/timberline-pant
timberline-pro-pant	Timberline Pro Pant	pant	https://www.sitkagear.com/products/timberline-pro-pant
tool-bucket	Tool Bucket	accessory	https://www.sitkagear.com/products/tool-bucket
traverse-bib	Traverse Bib	bib	https://www.sitkagear.com/products/traverse-bib
traverse-cap	Traverse Cap	hat	https://www.sitkagear.com/products/traverse-cap
traverse-glove	Traverse Glove	glove	https://www.sitkagear.com/products/traverse-glove
traverse-hoodie	Traverse Hoodie	hoody	https://www.sitkagear.com/products/traverse-hoodie
traverse-jacket	Traverse Jacket	jacket	https://www.sitkagear.com/products/traverse-jacket
traverse-pant	Traverse Pant	pant	https://www.sitkagear.com/products/traverse-pant
turkey-tool-belt	Turkey Tool Belt	pack	https://www.sitkagear.com/products/turkey-tool-belt
ventlite-gtx-boot	Ventlite GTX Boot	boot	https://www.sitkagear.com/products/ventlite-gtx-boot
wader-storage-bag	Wader Storage Bag	accessory	https://www.sitkagear.com/products/wader-storage-bag
waffle-pullover-hoodie	Waffle Pullover Hoodie	midlayer	https://www.sitkagear.com/products/waffle-pullover-hoodie
wapiti-tee	Wapiti Tee	shirt	https://www.sitkagear.com/products/wapiti-tee
wheatland-beanie	Wheatland Beanie	hat	https://www.sitkagear.com/products/wheatland-beanie
wild-icon-tee	Wild Icon Tee	shirt	https://www.sitkagear.com/products/wild-icon-tee
